ID,Name
1,David
2,John
3,Paul
4,Mark
5,James
6,Andrew
7,Scott
8,Steven
9,Robert
10,Stephen
11,William
12,Craig
13,Michael
14,Stuart
15,Christopher
16,Alan
17,Colin
18,Brian
19,Kevin
20,Gary
21,Richard
22,Derek
23,Martin
24,Thomas
25,Neil
26,Barry
27,Ian
28,Jason
29,Iain
30,Gordon
31,Alexander
32,Graeme
33,Peter
34,Darren
35,Graham
36,George
37,Kenneth
38,Allan
39,Simon
40,Douglas
41,Keith
42,Lee
43,Anthony
44,Grant
45,Ross
46,Jonathan
47,Gavin
48,Nicholas
49,Joseph
50,Stewart
51,Daniel
52,Edward
53,Matthew
54,Donald
55,Fraser
56,Garry
57,Malcolm
58,Charles
59,Duncan
60,Alistair
61,Raymond
62,Philip
63,Ronald
64,Ewan
65,Ryan
66,Francis
67,Bruce
68,Patrick
69,Alastair
70,Bryan
71,Marc
72,Jamie
73,Hugh
74,Euan
75,Gerard
76,Sean
77,Wayne
78,Adam
79,Calum
80,Alasdair
81,Robin
82,Greig
83,Angus
84,Russell
85,Cameron
86,Roderick
87,Norman
88,Murray
89,Gareth
90,Dean
91,Eric
92,Adrian
93,Gregor
94,Samuel
95,Gerald
96,Henry
97,Justin
98,Benjamin
99,Shaun
100,Callum
101,Campbell
102,Frank
103,Roy
104,Timothy
105,Glen
106,Marcus
107,Hamish
108,Niall
109,Barrie
110,Liam
111,Brendan
112,Terence
113,Greg
114,Leslie
115,Lindsay
116,Trevor
117,Vincent
118,Christian
119,Lewis
120,Rory
121,Antony
122,Fergus
123,Roger
124,Arthur
125,Dominic
126,Ewen
127,Jon
128,Owen
129,Gregory
130,Jeffrey
131,Terry
132,Damian
133,Geoffrey
134,Harry
135,Walter
136,Bernard
137,Desmond
138,Jack
139,Aaron
140,Archibald
141,Blair
142,Jeremy
143,Nathan
144,Alister
145,Dale
146,Dylan
147,Glenn
148,Julian
149,Leon
150,Allen
151,Martyn
152,Nigel
153,Alisdair
154,Denis
155,Drew
156,Evan
157,Phillip
158,Frazer
159,Guy
160,Laurence
161,Lawrence
162,Magnus
163,Crawford
164,Finlay
165,Frederick
166,Gregg
167,Karl
168,Kerr
169,Mohammed
170,Rodney
171,Victor
172,Carl
173,Daryl
174,Don
175,Edwin
176,Erik
177,Grahame
178,Ivan
179,Kyle
180,Leigh
181,Lorne
182,Maurice
183,Murdo
184,Nicolas
185,Steve
186,Allister
187,Clark
188,Darran
189,Dennis
190,Elliot
191,Leonard
192,Nairn
193,Scot
194,Stefan
195,Toby
196,Warren
197,Billy
198,Clive
199,Damien
200,Louis
201,Mohammad
202,Neill
203,Noel
204,Ralph
205,Sandy
206,Albert
207,Alun
208,Brett
209,Clifford
210,Eoin
211,Glyn
212,Imran
213,Ivor
214,Johnathan
215,Kevan
216,Neal
217,Oliver
218,Robbie
219,Roland
220,Stanley
221,Aidan
222,Antonio
223,Austin
224,Bradley
225,Cornelius
226,Darrin
227,Derrick
228,Innes
229,Kristian
230,Lachlan
231,Mathew
232,Moray
233,Nicol
234,Shane
235,Tony
236,Brent
237,Findlay
238,Forbes
239,Gilbert
240,Giles
241,Jay
242,Kelvin
243,Leighton
244,Marco
245,Omar
246,Roddy
247,Tom
248,Abdul
249,Alfred
250,Alick
251,Ashley
252,Bryce
253,Conrad
254,Darryl
255,Eugene
256,Harold
257,Harvey
258,Hector
259,Jody
260,Kieran
261,Kirk
262,Kris
263,Marshall
264,Muhammad
265,Ramsay
266,Ray
267,Rodger
268,Seumas
269,Tommy
270,Wai
271,Alex
272,Ali
273,Andrea
274,Archie
275,Daren
276,Derick
277,Gideon
278,Jan
279,Juan
280,Kerry
281,Kieron
282,Luke
283,Lyall
284,Manus
285,Marvin
286,Morgan
287,Muir
288,Myles
289,Ronnie
290,Rowan
291,Rupert
292,Spencer
293,Stephan
294,Struan
295,Torquil
296,Wallace
297,Aftab
298,Alain
299,Alec
300,Alvin
301,Anton
302,Arran
303,Arron
304,Austen
305,Aynsley
306,Benedict
307,Chad
308,Chun
309,Clarke
310,Damon
311,Danny
312,Darron
313,Declan
314,Deryck
315,Edmond
316,Edmund
317,Jacob
318,Johnston
319,Keiron
320,Kennedy
321,Khalil
322,Kristofer
323,Laurie
324,Lloyd
325,Mario
326,Max
327,Maxwell
328,Mitchell
329,Morris
330,Nathaniel
331,Naveed
332,Neville
333,Nickolas
334,Piers
335,Quentin
336,Rennie
337,Reuben
338,Riccardo
339,Roberto
340,Ruaraidh
341,Ruaridh
342,Stefano
343,Symon
344,Tobias
345,Todd
346,Abid
347,Adnan
348,Aeneas
349,Aiden
350,Ainslie
351,Ajay
352,Alessandro
353,Alyn
354,Anderson
355,Andre
356,Ashok
357,Asif
358,Atholl
359,Bjorn
360,Brandon
361,Brydon
362,Bryn
363,Caine
364,Calvin
365,Carlo
366,Ceri
367,Chris
368,Christien
369,Claudio
370,Clayton
371,Clint
372,Connell
373,Cyril
374,Damion
375,Darin
376,Dario
377,Darroch
378,Deryk
379,Dirk
380,Donovan
381,Dustin
382,Eamonn
383,Edgar
384,Elliott
385,Elton
386,Emlyn
387,Eoghan
388,Erlend
389,Farooq
390,Garth
391,Geoff
392,Gerrard
393,Gerry
394,Giancarlo
395,Gidon
396,Grierson
397,Hamilton
398,Hans
399,Hendry
400,Howard
401,Irvine
402,Jaimie
403,Jarad
404,Jayson
405,Jean
406,Jeff
407,Jerome
408,Joel
409,Jude
410,Kane
411,Karan
412,Karim
413,Kashif
414,Keiran
415,Kendon
416,Kent
417,Kwok
418,Laith
419,Lauchlan
420,Leo
421,Leyton
422,Lindsey
423,Logan
424,Lorn
425,Lyle
426,Mason
427,Mervyn
428,Michel
429,Mubarak
430,Mungo
431,Murdoch
432,Nathanael
433,Neall
434,Nickie
435,Nicky
436,Nikki
437,Nikolas
438,Paolo
439,Perry
440,Ranald
441,Rehan
442,Ricky
443,Rikki
444,Ritchie
445,Rizwan
446,Robertson
447,Roderic
448,Rolf
449,Ronan
450,Rowland
451,Sam
452,Scotland
453,Seth
454,Shahid
455,Shakeel
456,Sidney
457,Sinclair
458,Sonny
459,Taylor
460,Tin
461,Tomas
462,Travis
463,Tristan
464,Vernon
465,Vince
466,Waheed
467,Waseem
468,Wei
469,Wilson
470,Yan
471,Zak
472,Aamir
473,Abdullahi
474,Abdulrazak
475,Abraham
476,Adebayo
477,Adel
478,Adrain
479,Adriano
480,Ahmad
481,Ahmed
482,Aidon
483,Ajeet
484,Al-Motamid
485,Alaistair
486,Alberto
487,Aldo
488,Aldous
489,Alen
490,Alexandre
491,Alfredo
492,Alisteir
493,Allon
494,Alton
495,Alwyn
496,Aman
497,Amanda
498,Amato
499,Amir
500,Amit
501,Amitabha
502,Amos
503,Anand
504,Anant
505,Anastasi
506,Anastasio
507,Anastasios
508,Andres
509,Angel
510,Angelo
511,Anil
512,Anjam
513,Anjum
514,Ann
515,Antonius
516,Anwar
517,Aonghas
518,Aonghus
519,Aqif
520,Ardene
521,Ardle
522,Ari
523,Arif
524,Arlyn
525,Armando
526,Armond
527,Arne
528,Arnout
529,Arol
530,Aron
531,Aroon
532,Arshid
533,Arvid
534,Arvind
535,Asa
536,Asad
537,Asaf
538,Asam
539,Ashiqhusein
540,Ashwani
541,Asrar
542,Athol
543,Avees
544,Ayham
545,Ayokoladele
546,Ayron
547,Azzam
548,Balfour
549,Balraj
550,Barbara
551,Barnabas
552,Barron
553,Bartholomew
554,Basil
555,Bassam
556,Bayne
557,Ben-John
558,Bengiman
559,Benoit
560,Bernardo
561,Bevan
562,Bill
563,Bllal
564,Blythe
565,Bobby
566,Brad
567,Brant
568,Brook
569,Bryden
570,Byram
571,Byron
572,Caleb
573,Callam
574,Carey
575,Carol
576,Carreen
577,Cary
578,Casey
579,Cathorne
580,Chae
581,Charanjeev
582,Che
583,Chee
584,Chi
585,Chincdu
586,Christan
587,Christie
588,Christos
589,Chrys
590,Chu
591,Churnthoor
592,Ciaran
593,Ciaron
594,Ciobhan
595,Claus
596,Cliff
597,Clinton
598,Colan
599,Coll
600,Collin
601,Colum
602,Con
603,Connor
604,Corey
605,Corin
606,Cormac
607,Corren
608,Cowan
609,Craige
610,Cullen
611,Daiman
612,Daljit
613,Dall
614,Dameon
615,Damyon
616,Danga
617,Danielle
618,Darius
619,Daron
620,Darrel
621,Darrell
622,Darryll
623,Darryn
624,Davide
625,Davidson
626,Davinder
627,Davud
628,Davyd
629,Dawson
630,Dax
631,Del
632,Dell
633,Denver
634,Dermot
635,Derry
636,Derryl
637,Derryn
638,Diarmid
639,Diauddin
640,Dick
641,Diego
642,Dino
643,Dion
644,Dolan
645,Domenico
646,Domenyk
647,Donn
648,Donnie
649,Donny
650,Dorian
651,Dorino
652,Dougal
653,Dowell
654,Duane
655,Dugald
656,Dulip
657,Dylaan
658,Eamon
659,Ean
660,Earl
661,Eben
662,Edoardino
663,Efeoni
664,Egidio
665,Eiichi
666,El
667,Elgin
668,Ellis
669,Eloson
670,Emmanuel
671,Emran
672,Emrys
673,Eoghann
674,Erkan
675,Erl
676,Ernest
677,Erwin
678,Esmond
679,Ewing
680,Fabio
681,Feargus
682,Felix
683,Ferzund
684,Finbar
685,Finley
686,Fionn
687,Francesco
688,Francisco
689,Francois
690,Frankie
691,Frazier
692,Fu
693,Gabriel
694,Galen
695,Gallvin
696,Gardner
697,Garreth
698,Garry-John
699,Gawad
700,Geore
701,Georges
702,Georgio
703,Gerarde
704,Gerhard
705,Gethin
706,Ghassan
707,Gianni
708,Gillan
709,Gilmour
710,Ginno
711,Gino
712,Giovanni
713,Glynn
714,Godfrey
715,Grainger
716,Greggory
717,Gren
718,Grigor
719,Guido
720,Gurbal
721,Gurchinchel
722,Gurhimmat
723,Gurjeet
724,Gurkimat
725,Gurmeet
726,Gurvinder
727,Gustavus
728,Gwion
729,Haitham
730,Hani
731,Hardeep
732,Hassan
733,Hatim
734,Heather
735,Hedley
736,Hilton
737,Himesh
738,Hitesh
739,Hoi-Yuen
740,Hoy
741,Hsin
742,Hui
743,Hussain
744,Hytham
745,Ifeatu
746,Iffor
747,Ilya
748,Imeobong
749,Imtiaz
750,Iqbal
751,Isaac
752,Isabirye
753,Ishar
754,Islay
755,Ivy
756,Jackie
757,Jackson
758,Jaco
759,Jade
760,Jagan
761,Jagdeep
762,Janet
763,Jardine
764,Jarno
765,Jasbir
766,Jasen
767,Jasjeet
768,Jaspal
769,Jaspar
770,Jatinder
771,Javaid
772,Jean-Baptiste
773,Jedd
774,Jeffery
775,Jeremiah
776,Jeroen-Hans
777,Jerry
778,Jesse
779,Jim
780,Jimmy
781,Jimsheed
782,Joao
783,Jodie
784,Joe
785,Johan
786,Johann
787,John-Paul
788,Johnny
789,Jojeph
790,Jonathon
791,Jonson
792,Jose
793,Josep-Ramon
794,Joshua
795,Joss
796,Jreen
797,Judd
798,Julie
799,Julyan
800,Jusbunt
801,Justine
802,Ka
803,Ka-Poon
804,Kahl
805,Kai
806,Kaleem
807,Kam
808,Kameldeed
809,Kamran
810,Kari
811,Kayhan
812,Kearan
813,Kee
814,Keenan
815,Keir
816,Kelly
817,Kelman
818,Kenny
819,Kenrick
820,Kern
821,Kevyn
822,Khalid
823,Ki
824,Kia
825,Kiain
826,Kier
827,Kieren
828,King
829,Kiran
830,Knok
831,Ko
832,Konrad
833,Koon
834,Kristen
835,Kristin
836,Kristopher
837,Kulbant
838,Kuldeep
839,Kuldip
840,Kurt
841,Kurt-Gordon
842,Kwasi
843,Kyles
844,Laine
845,Laura
846,Lauren
847,Laurent
848,Lauri
849,Laychlan
850,Lea
851,Lee-William
852,Leevi
853,Lelio
854,Lenord
855,Lesley
856,Levi
857,Liaqat
858,Linn
859,Linsay
860,Lipton
861,Lisle
862,Lister
863,Littlesky
864,Loaie
865,Logie
866,Lorenzo
867,Lorraine
868,Loumont
869,Luigi
870,Luis
871,Luiz
872,Madunil
873,Majad
874,Maksymilian
875,Malkeet
876,Man
877,Mandeep
878,Manmath
879,Mansel
880,Mansoor
881,Manuel
882,Maqsood
883,Marcello
884,Marcos
885,Marek
886,Marin
887,Marino
888,Marjus
889,Markos
890,Marl
891,Marvan
892,Marvyn
893,Mary
894,Masood
895,Matt
896,Maurizio
897,Mazhar
898,Mcnamara
899,Melville
900,Melvin
901,Methven
902,Micah
903,Michal
904,Michele
905,Michelle
906,Miguel
907,Miles
908,Milo
909,Mirza
910,Mitchel
911,Moazzam
912,Modan
913,Mohd
914,Montgomery
915,Morrison
916,Moses
917,Moufid
918,Muctarr
919,Mugahid
920,Mukendi
921,Mukesh
922,Munnuwar
923,Muro
924,Mustapha
925,Nabil
926,Nadeem
927,Naeeh
928,Naeem
929,Navin
930,Naweed
931,Nazar
932,Neacal
933,Neale
934,Neel
935,Neilson
936,Nevil
937,Nicola
938,Nicolo
939,Niel
940,Nikolaos
941,Ninian
942,Nirmaljit
943,Nishal
944,Noah
945,Noureddine
946,Nwachukwu
947,O'neill
948,Obumneme
949,Odaro
950,Odin
951,Ogilvy
952,Olaf
953,Olivier
954,Omer
955,Orest
956,Orlando
957,Ormond
958,Orpheus
959,Osman
960,Otis-Chen
961,Oyvind
962,Pallab
963,Pamela
964,Parvez
965,Pasquale
966,Paulo
967,Pegasus
968,Petter
969,Phil
970,Pierce
971,Piero
972,Pierre
973,Pietro
974,Polo
975,Pravin
976,Quillan
977,Quintin
978,Rae
979,Raeph
980,Ragbir
981,Rahul
982,Rainer
983,Rajesh
984,Rajiv
985,Ramesh
986,Ramon
987,Rana
988,Randy
989,Ranjit
990,Rashid
991,Rauri
992,Raymund
993,Reagan
994,Reay
995,Redmond
996,Reece
997,Reese
998,Rene
999,Rex
